file,canonical,og_url,twitter_url,robots,title,status,issues
".next\server\app\_not-found.html","https://mountainspineorthopedics.com","https://mountainspineorthopedics.com","","noindex","Mountain Spine & Orthopedics","mismatch","Page has noindex but has canonical: noindex"
".next\server\app\treatments.html","https://mountainspineorthopedics.com/treatments","https://mountainspineorthopedics.com/treatments","","","Orthopedic Treatments & Procedures | Mountain Spine & Orthopedics","ok",""
".next\server\app\thank-you.html","https://mountainspineorthopedics.com/thank-you","https://mountainspineorthopedics.com/thank-you","","","Thank You | Mountain Spine & Orthopedics","ok",""
".next\server\app\privacy-policy.html","https://mountainspineorthopedics.com/privacy-policy","https://mountainspineorthopedics.com/privacy-policy","","","Privacy Policy | Mountain Spine & Orthopedics","ok",""
".next\server\app\patient-forms.html","https://mountainspineorthopedics.com/patient-forms","https://mountainspineorthopedics.com/patient-forms","","","Patient Forms | Mountain Spine & Orthopedics","ok",""
".next\server\app\locations.html","https://mountainspineorthopedics.com/locations","https://mountainspineorthopedics.com/locations","","","Florida Clinic Locations | Mountain Spine & Orthopedics","ok",""
".next\server\app\insurance-policy.html","https://mountainspineorthopedics.com/insurance-policy","https://mountainspineorthopedics.com/insurance-policy","","","Insurance Policy | Mountain Spine & Orthopedics","ok",""
".next\server\app\index.html","https://mountainspineorthopedics.com","https://mountainspineorthopedics.com","","","Mountain Spine & Orthopedics | Top Florida Spine & Joint Pain Specialists","ok",""
".next\server\app\condition-check.html","https://mountainspineorthopedics.com/condition-check","https://mountainspineorthopedics.com/condition-check","","index, follow","Orthopedic Condition Checker | Mountain Spine & Orthopedics","ok",""
".next\server\app\area-of-specialty.html","https://mountainspineorthopedics.com/area-of-specialty","https://mountainspineorthopedics.com/area-of-specialty","","index, follow","Orthopedic Conditions & Treatments | Mountain Spine & Orthopedics","ok",""
".next\server\app\about.html","https://mountainspineorthopedics.com/about","https://mountainspineorthopedics.com/about","","","About Mountain Spine & Orthopedics | Expert Spine & Joint Care","ok",""
".next\server\app\treatments\understanding-tlif-surgery.html","https://mountainspineorthopedics.com/treatments/understanding-tlif-surgery","https://mountainspineorthopedics.com/treatments/understanding-tlif-surgery","","","Understanding TLIF Surgery - Mountain Spine & Orthopedics","ok",""
".next\server\app\treatments\trigger-finger-release.html","https://mountainspineorthopedics.com/treatments/trigger-finger-release","https://mountainspineorthopedics.com/treatments/trigger-finger-release","","","Trigger Finger Release | Mountain Spine & Orthopedics","ok",""
".next\server\app\treatments\total-knee-replacement.html","https://mountainspineorthopedics.com/treatments/total-knee-replacement","https://mountainspineorthopedics.com/treatments/total-knee-replacement","","","Total Knee Replacement - Mountain Spine & Orthopedics","ok",""
".next\server\app\treatments\total-hip-replacement.html","https://mountainspineorthopedics.com/treatments/total-hip-replacement","https://mountainspineorthopedics.com/treatments/total-hip-replacement","","","Total Hip Replacement - Mountain Spine & Orthopedics","ok",""
".next\server\app\treatments\surgical-treatments.html","https://mountainspineorthopedics.com/treatments/surgical-treatments","https://mountainspineorthopedics.com/treatments/surgical-treatments","","","Surgical Treatments | Mountain Spine & Orthopedics","ok",""
".next\server\app\treatments\stem-cell-treatment.html","https://mountainspineorthopedics.com/treatments/stem-cell-treatment","https://mountainspineorthopedics.com/treatments/stem-cell-treatment","","","Stem Cell Treatment | Mountain Spine & Orthopedics","ok",""
".next\server\app\treatments\spinal-fusion.html","https://mountainspineorthopedics.com/treatments/spinal-fusion","https://mountainspineorthopedics.com/treatments/spinal-fusion","","","Spinal Fusion Surgery - Mountain Spine & Orthopedics","ok",""
".next\server\app\treatments\shoulder-arthroscopy.html","https://mountainspineorthopedics.com/treatments/shoulder-arthroscopy","https://mountainspineorthopedics.com/treatments/shoulder-arthroscopy","","","Shoulder Arthroscopy for Pain Relief - Mountain Spine & Orthopedics","ok",""
".next\server\app\treatments\rotator-cuff-repair-surgery.html","https://mountainspineorthopedics.com/treatments/rotator-cuff-repair-surgery","https://mountainspineorthopedics.com/treatments/rotator-cuff-repair-surgery","","","Rotator Cuff Repair Surgery | Mountain Spine & Orthopedics","ok",""
".next\server\app\treatments\revision-spinal-surgery.html","https://mountainspineorthopedics.com/treatments/revision-spinal-surgery","https://mountainspineorthopedics.com/treatments/revision-spinal-surgery","","","Revision Spinal Surgery - Mountain Spine & Orthopedics","ok",""
".next\server\app\treatments\resurfacing-shoulder-replacement.html","https://mountainspineorthopedics.com/treatments/resurfacing-shoulder-replacement","https://mountainspineorthopedics.com/treatments/resurfacing-shoulder-replacement","","","Resurfacing Shoulder Replacement - Mountain Spine & Orthopedics","ok",""
".next\server\app\treatments\posterior-cervical-laminoplasty.html","https://mountainspineorthopedics.com/treatments/posterior-cervical-laminoplasty","https://mountainspineorthopedics.com/treatments/posterior-cervical-laminoplasty","","","Posterior Cervical Laminoplasty - Mountain Spine & Orthopedics","ok",""
".next\server\app\treatments\posterior-cervical-fusion-with-instrumentation-surgery.html","https://mountainspineorthopedics.com/treatments/posterior-cervical-fusion-with-instrumentation-surgery","https://mountainspineorthopedics.com/treatments/posterior-cervical-fusion-with-instrumentation-surgery","","","Posterior Cervical Fusion with Instrumentation - Mountain Spine & Orthopedics","ok",""
".next\server\app\treatments\posterior-cervical-fusion-surgery.html","https://mountainspineorthopedics.com/treatments/posterior-cervical-fusion-surgery","https://mountainspineorthopedics.com/treatments/posterior-cervical-fusion-surgery","","","Posterior Cervical Fusion - Mountain Spine & Orthopedics","ok",""
".next\server\app\treatments\posterior-cervical-foraminotomy-surgery.html","https://mountainspineorthopedics.com/treatments/posterior-cervical-foraminotomy-surgery","https://mountainspineorthopedics.com/treatments/posterior-cervical-foraminotomy-surgery","","","Posterior Cervical Foraminotomy - Mountain Spine & Orthopedics","ok",""
".next\server\app\treatments\percutaneous-discectomy.html","https://mountainspineorthopedics.com/treatments/percutaneous-discectomy","https://mountainspineorthopedics.com/treatments/percutaneous-discectomy","","","Percutaneous Discectomy - Mountain Spine & Orthopedics","ok",""
".next\server\app\treatments\percutaneous-carpal-tunnel-release.html","https://mountainspineorthopedics.com/treatments/percutaneous-carpal-tunnel-release","https://mountainspineorthopedics.com/treatments/percutaneous-carpal-tunnel-release","","","Percutaneous Carpal Tunnel Release | Mountain Spine & Orthopedics","ok",""
".next\server\app\treatments\oblique-lumbar-interbody-fusion.html","https://mountainspineorthopedics.com/treatments/oblique-lumbar-interbody-fusion","https://mountainspineorthopedics.com/treatments/oblique-lumbar-interbody-fusion","","","Oblique Lumbar Interbody Fusion | Mountain Spine & Orthopedics","ok",""
".next\server\app\treatments\non-surgical-treatments-for-pain-management.html","https://mountainspineorthopedics.com/treatments/non-surgical-treatments-for-pain-management","https://mountainspineorthopedics.com/treatments/non-surgical-treatments-for-pain-management","","","Non Surgical Treatments for Pain Management | Mountain Spine & Orthopedics","ok",""
".next\server\app\treatments\neck-pain-treatment-and-shoulder-pain-relief.html","https://mountainspineorthopedics.com/treatments/neck-pain-treatment-and-shoulder-pain-relief","https://mountainspineorthopedics.com/treatments/neck-pain-treatment-and-shoulder-pain-relief","","","Neck Pain Treatment & Shoulder Pain Relief | Mountain Spine & Orthopedics","ok",""
".next\server\app\treatments\multilevel-degenerative-disc-disease-surgery.html","https://mountainspineorthopedics.com/treatments/multilevel-degenerative-disc-disease-surgery","https://mountainspineorthopedics.com/treatments/multilevel-degenerative-disc-disease-surgery","","","Multilevel Degenerative Disc Disease Surgery - Mountain Spine & Orthopedics","ok",""
".next\server\app\treatments\motion-preservation-spine-surgery.html","https://mountainspineorthopedics.com/treatments/motion-preservation-spine-surgery","https://mountainspineorthopedics.com/treatments/motion-preservation-spine-surgery","","","Motion Preservation Spine Surgery - Mountain Spine & Orthopedics","ok",""
".next\server\app\treatments\meniscus-repair-surgery.html","https://mountainspineorthopedics.com/treatments/meniscus-repair-surgery","https://mountainspineorthopedics.com/treatments/meniscus-repair-surgery","","","Meniscus Repair Surgery | Mountain Spine & Orthopedics","ok",""
".next\server\app\treatments\lumbar-microendoscopic-discectomy-surgery.html","https://mountainspineorthopedics.com/treatments/lumbar-microendoscopic-discectomy-surgery","https://mountainspineorthopedics.com/treatments/lumbar-microendoscopic-discectomy-surgery","","","Lumbar Microendoscopic Discectomy - Mountain Spine & Orthopedics","ok",""
".next\server\app\treatments\lumbar-microdiscectomy-surgery.html","https://mountainspineorthopedics.com/treatments/lumbar-microdiscectomy-surgery","https://mountainspineorthopedics.com/treatments/lumbar-microdiscectomy-surgery","","","Lumbar Microdiscectomy - Mountain Spine & Orthopedics","ok",""
".next\server\app\treatments\lumbar-laminectomy-surgery.html","https://mountainspineorthopedics.com/treatments/lumbar-laminectomy-surgery","https://mountainspineorthopedics.com/treatments/lumbar-laminectomy-surgery","","","Lumbar Laminectomy - Mountain Spine & Orthopedics","ok",""
".next\server\app\treatments\lumbar-fusion-surgery.html","https://mountainspineorthopedics.com/treatments/lumbar-fusion-surgery","https://mountainspineorthopedics.com/treatments/lumbar-fusion-surgery","","","Lumbar Fusion Surgery - Mountain Spine & Orthopedics","ok",""
".next\server\app\treatments\lumbar-disc-replacement-surgery.html","https://mountainspineorthopedics.com/treatments/lumbar-disc-replacement-surgery","https://mountainspineorthopedics.com/treatments/lumbar-disc-replacement-surgery","","","Lumbar Disc Replacement - Mountain Spine & Orthopedics","ok",""
".next\server\app\treatments\lumbar-decompression.html","https://mountainspineorthopedics.com/treatments/lumbar-decompression","https://mountainspineorthopedics.com/treatments/lumbar-decompression","","","Lumbar Decompression - Mountain Spine & Orthopedics","ok",""
".next\server\app\treatments\impar-block-treatment.html","https://mountainspineorthopedics.com/treatments/impar-block-treatment","https://mountainspineorthopedics.com/treatments/impar-block-treatment","","","Impar Block Treatment | Mountain Spine & Orthopedics","ok",""
".next\server\app\treatments\hybrid-lumbar-spine-surgery.html","https://mountainspineorthopedics.com/treatments/hybrid-lumbar-spine-surgery","https://mountainspineorthopedics.com/treatments/hybrid-lumbar-spine-surgery","","","Hybrid Lumbar Spine Surgery - Mountain Spine & Orthopedics","ok",""
".next\server\app\treatments\hybrid-cervical-spine-surgery.html","https://mountainspineorthopedics.com/treatments/hybrid-cervical-spine-surgery","https://mountainspineorthopedics.com/treatments/hybrid-cervical-spine-surgery","","","Hybrid Cervical Spine Surgery | Mountain Spine & Orthopedics","ok",""
".next\server\app\treatments\hip-arthroscopy-treatment.html","https://mountainspineorthopedics.com/treatments/hip-arthroscopy-treatment","https://mountainspineorthopedics.com/treatments/hip-arthroscopy-treatment","","","Hip Arthroscopy - Mountain Spine & Orthopedics","ok",""
".next\server\app\treatments\fracture-fixation.html","https://mountainspineorthopedics.com/treatments/fracture-fixation","https://mountainspineorthopedics.com/treatments/fracture-fixation","","","Fracture Fixation Surgery | Mountain Spine & Orthopedics","ok",""
".next\server\app\treatments\facet-block-ablation-rhizotomy-and-facet-fusion-treatment-information.html","https://mountainspineorthopedics.com/treatments/facet-block-ablation-rhizotomy-and-facet-fusion-treatment-information","https://mountainspineorthopedics.com/treatments/facet-block-ablation-rhizotomy-and-facet-fusion-treatment-information","","","Facet Block, Facet Ablation (Rhizotomy), and Facet Fusion Treatment Information | Mountain Spine & Orthopedics","ok",""
".next\server\app\treatments\facet-ablation-rhizotomy-treatment.html","https://mountainspineorthopedics.com/treatments/facet-ablation-rhizotomy-treatment","https://mountainspineorthopedics.com/treatments/facet-ablation-rhizotomy-treatment","","","Facet Ablation (Rhizotomy) Treatment | Mountain Spine & Orthopedics","ok",""
".next\server\app\treatments\extreme-lateral-interbody-fusion-surgery.html","https://mountainspineorthopedics.com/treatments/extreme-lateral-interbody-fusion-surgery","https://mountainspineorthopedics.com/treatments/extreme-lateral-interbody-fusion-surgery","","","Extreme Lateral Interbody Fusion Surgery | Mountain Spine & Orthopedics","ok",""
".next\server\app\treatments\epidural-steroid-injection.html","https://mountainspineorthopedics.com/treatments/epidural-steroid-injection","https://mountainspineorthopedics.com/treatments/epidural-steroid-injection","","","Epidural Steroid Injection | Mountain Spine & Orthopedics","ok",""
".next\server\app\treatments\endoscopic-foraminotomy-surgery.html","https://mountainspineorthopedics.com/treatments/endoscopic-foraminotomy-surgery","https://mountainspineorthopedics.com/treatments/endoscopic-foraminotomy-surgery","","","Endoscopic Foraminotomy Surgery | Mountain Spine & Orthopedics","ok",""
".next\server\app\treatments\endoscopic-discectomy-surgery.html","https://mountainspineorthopedics.com/treatments/endoscopic-discectomy-surgery","https://mountainspineorthopedics.com/treatments/endoscopic-discectomy-surgery","","","Endoscopic Discectomy Surgery | Mountain Spine & Orthopedics","ok",""
".next\server\app\treatments\disc-replacement-vs-fusion-what-you-need-to-know.html","https://mountainspineorthopedics.com/treatments/disc-replacement-vs-fusion-what-you-need-to-know","https://mountainspineorthopedics.com/treatments/disc-replacement-vs-fusion-what-you-need-to-know","","","Disc Replacement vs Fusion: What You Need to Know | Mountain Spine & Orthopedics","ok",""
".next\server\app\treatments\degenerative-disc-disease-surgery.html","https://mountainspineorthopedics.com/treatments/degenerative-disc-disease-surgery","https://mountainspineorthopedics.com/treatments/degenerative-disc-disease-surgery","","","Degenerative Disc Disease Surgery - Mountain Spine & Orthopedics","ok",""
".next\server\app\treatments\degenerative-disc-disease-surgery-details.html","https://mountainspineorthopedics.com/treatments/degenerative-disc-disease-surgery-details","https://mountainspineorthopedics.com/treatments/degenerative-disc-disease-surgery-details","","","Degenerative Disc Disease Surgery Details | Mountain Spine & Orthopedics","ok",""
".next\server\app\treatments\cortisone-injections-for-back-pain.html","https://mountainspineorthopedics.com/treatments/cortisone-injections-for-back-pain","https://mountainspineorthopedics.com/treatments/cortisone-injections-for-back-pain","","","Cortisone Injections for Back Pain | Mountain Spine & Orthopedics","ok",""
".next\server\app\treatments\coccyx-nerve-ablation.html","https://mountainspineorthopedics.com/treatments/coccyx-nerve-ablation","https://mountainspineorthopedics.com/treatments/coccyx-nerve-ablation","","","Coccyx Nerve Ablation | Mountain Spine & Orthopedics","ok",""
".next\server\app\treatments\coccygectomy-tailbone-removal-surgery.html","https://mountainspineorthopedics.com/treatments/coccygectomy-tailbone-removal-surgery","https://mountainspineorthopedics.com/treatments/coccygectomy-tailbone-removal-surgery","","","Coccygectomy (Tailbone Removal Surgery) | Mountain Spine & Orthopedics","ok",""
".next\server\app\treatments\cervical-disc-replacement.html","https://mountainspineorthopedics.com/treatments/cervical-disc-replacement","https://mountainspineorthopedics.com/treatments/cervical-disc-replacement","","","Cervical Disc Replacement | Mountain Spine & Orthopedics","ok",""
".next\server\app\treatments\cervical-disc-arthroplasty.html","https://mountainspineorthopedics.com/treatments/cervical-disc-arthroplasty","https://mountainspineorthopedics.com/treatments/cervical-disc-arthroplasty","","","Cervical Disc Arthroplasty - Mountain Spine & Orthopedics","ok",""
".next\server\app\treatments\carpal-tunnel-release.html","https://mountainspineorthopedics.com/treatments/carpal-tunnel-release","https://mountainspineorthopedics.com/treatments/carpal-tunnel-release","","","Carpal Tunnel Release Surgery | Mountain Spine & Orthopedics","ok",""
".next\server\app\treatments\bunion-correction-surgery.html","https://mountainspineorthopedics.com/treatments/bunion-correction-surgery","https://mountainspineorthopedics.com/treatments/bunion-correction-surgery","","","Bunion Correction Surgery | Mountain Spine & Orthopedics","ok",""
".next\server\app\treatments\back-pain-treatment.html","https://mountainspineorthopedics.com/treatments/back-pain-treatment","https://mountainspineorthopedics.com/treatments/back-pain-treatment","","","Back Pain Treatment | Mountain Spine & Orthopedics","ok",""
".next\server\app\treatments\axial-fusion-surgery.html","https://mountainspineorthopedics.com/treatments/axial-fusion-surgery","https://mountainspineorthopedics.com/treatments/axial-fusion-surgery","","","Axial Fusion Surgery | Mountain Spine & Orthopedics","ok",""
".next\server\app\treatments\artificial-disc-replacement-surgery.html","https://mountainspineorthopedics.com/treatments/artificial-disc-replacement-surgery","https://mountainspineorthopedics.com/treatments/artificial-disc-replacement-surgery","","","Artificial Disc Replacement - Mountain Spine & Orthopedics","ok",""
".next\server\app\treatments\arthroscopic-knee-surgery.html","https://mountainspineorthopedics.com/treatments/arthroscopic-knee-surgery","https://mountainspineorthopedics.com/treatments/arthroscopic-knee-surgery","","","Arthroscopic Knee Surgery - Mountain Spine & Orthopedics","ok",""
".next\server\app\treatments\anti-inflammatory-injections-for-joint-and-spine-pain.html","https://mountainspineorthopedics.com/treatments/anti-inflammatory-injections-for-joint-and-spine-pain","https://mountainspineorthopedics.com/treatments/anti-inflammatory-injections-for-joint-and-spine-pain","","","Anti-Inflammatory Injections for Joint and Spine Pain | Mountain Spine & Orthopedics","ok",""
".next\server\app\treatments\anterior-lumbar-interbody-fusion.html","https://mountainspineorthopedics.com/treatments/anterior-lumbar-interbody-fusion","https://mountainspineorthopedics.com/treatments/anterior-lumbar-interbody-fusion","","","Anterior Lumbar Interbody Fusion - Mountain Spine & Orthopedics","ok",""
".next\server\app\treatments\anterior-lumbar-corpectomy-and-fusion.html","https://mountainspineorthopedics.com/treatments/anterior-lumbar-corpectomy-and-fusion","https://mountainspineorthopedics.com/treatments/anterior-lumbar-corpectomy-and-fusion","","","Anterior Lumbar Corpectomy and Fusion - Mountain Spine & Orthopedics","ok",""
".next\server\app\treatments\anterior-cervical-corpectomy-and-fusion.html","https://mountainspineorthopedics.com/treatments/anterior-cervical-corpectomy-and-fusion","https://mountainspineorthopedics.com/treatments/anterior-cervical-corpectomy-and-fusion","","","Anterior Cervical Corpectomy and Fusion - Mountain Spine & Orthopedics","ok",""
".next\server\app\treatments\ankle-replacement-surgery.html","https://mountainspineorthopedics.com/treatments/ankle-replacement-surgery","https://mountainspineorthopedics.com/treatments/ankle-replacement-surgery","","","Ankle Replacement Surgery | Mountain Spine & Orthopedics","ok",""
".next\server\app\treatments\ankle-ligament-reconstruction-surgery.html","https://mountainspineorthopedics.com/treatments/ankle-ligament-reconstruction-surgery","https://mountainspineorthopedics.com/treatments/ankle-ligament-reconstruction-surgery","","","Ankle Ligament Reconstruction Surgery | Mountain Spine & Orthopedics","ok",""
".next\server\app\treatments\ankle-arthroscopy-minimally-invasive-surgery.html","https://mountainspineorthopedics.com/treatments/ankle-arthroscopy-minimally-invasive-surgery","https://mountainspineorthopedics.com/treatments/ankle-arthroscopy-minimally-invasive-surgery","","","Ankle Arthroscopy: Minimally Invasive Ankle Surgery | Mountain Spine & Orthopedics","ok",""
".next\server\app\treatments\aging-management.html","https://mountainspineorthopedics.com/treatments/aging-management","https://mountainspineorthopedics.com/treatments/aging-management","","","Aging Management | Mountain Spine & Orthopedics","ok",""
".next\server\app\treatments\acl-reconstruction-surgery.html","https://mountainspineorthopedics.com/treatments/acl-reconstruction-surgery","https://mountainspineorthopedics.com/treatments/acl-reconstruction-surgery","","","ACL Reconstruction Surgery | Mountain Spine & Orthopedics","ok",""
".next\server\app\treatments\acdf-surgery.html","https://mountainspineorthopedics.com/treatments/acdf-surgery","https://mountainspineorthopedics.com/treatments/acdf-surgery","","","ACDF Surgery - Mountain Spine & Orthopedics","ok",""
".next\server\app\locations\palm-springs-orthopedics.html","https://mountainspineorthopedics.com/locations/palm-springs-orthopedics","https://mountainspineorthopedics.com/locations/palm-springs-orthopedics","","","Orthopedic Surgeons in Palm Springs, FL | Mountain Spine","ok",""
".next\server\app\locations\palm-beach-gardens-orthopedics.html","https://mountainspineorthopedics.com/locations/palm-beach-gardens-orthopedics","https://mountainspineorthopedics.com/locations/palm-beach-gardens-orthopedics","","","Palm Beach Gardens Orthopedic & Spine Specialists | Mountain Spine & Orthopedics","ok",""
".next\server\app\locations\orlando-orthopedics.html","https://mountainspineorthopedics.com/locations/orlando-orthopedics","https://mountainspineorthopedics.com/locations/orlando-orthopedics","","","Orthopedic Center in Orlando & Walk-in Clinic in Central Florida","ok",""
".next\server\app\locations\miami-beach-orthopedics.html","https://mountainspineorthopedics.com/locations/miami-beach-orthopedics","https://mountainspineorthopedics.com/locations/miami-beach-orthopedics","","","Orthopedic Walk-In Clinic Miami Beach, FL | Spine & Joint Care","ok",""
".next\server\app\locations\hollywood-fl-orthopedics.html","https://mountainspineorthopedics.com/locations/hollywood-fl-orthopedics","https://mountainspineorthopedics.com/locations/hollywood-fl-orthopedics","","","Hollywood FL Orthopedic Walk-In Clinic | Spine & Musculoskeletal Care","ok",""
".next\server\app\locations\fort-pierce-orthopedics.html","https://mountainspineorthopedics.com/locations/fort-pierce-orthopedics","https://mountainspineorthopedics.com/locations/fort-pierce-orthopedics","","","Orthopedic Walk-In Clinic Fort Pierce, FL | Spine Doctors Near Me","ok",""
".next\server\app\locations\davenport-orthopedics.html","https://mountainspineorthopedics.com/locations/davenport-orthopedics","https://mountainspineorthopedics.com/locations/davenport-orthopedics","","","Orthopedic Walk-In Clinic in Davenport, FL | Mountain Spine & Orthopedics","ok",""
".next\server\app\locations\boca-raton-orthopedics.html","https://mountainspineorthopedics.com/locations/boca-raton-orthopedics","https://mountainspineorthopedics.com/locations/boca-raton-orthopedics","","","Orthopedic Walk-In Clinic Boca Raton, FL | Spine & Joint Care","ok",""
".next\server\app\locations\altamonte-springs-orthopedics.html","https://mountainspineorthopedics.com/locations/altamonte-springs-orthopedics","https://mountainspineorthopedics.com/locations/altamonte-springs-orthopedics","","","Orthopedic Walk-In Clinic in Altamonte Springs, FL","ok",""
".next\server\app\injuries\slip-and-fall.html","https://mountainspineorthopedics.com/injuries/slip-and-fall","https://mountainspineorthopedics.com/injuries/slip-and-fall","","index, follow, max-video-preview:-1, max-image-preview:large, max-snippet:-1","Slip and Fall Injury Treatment in Florida | Mountain Spine & Orthopedics","ok",""
".next\server\app\injuries\car-accident.html","https://mountainspineorthopedics.com/injuries/car-accident","https://mountainspineorthopedics.com/injuries/car-accident","","index, follow, max-video-preview:-1, max-image-preview:large, max-snippet:-1","Car Accident Orthopedic Care in Florida | Mountain Spine & Orthopedics","ok",""
".next\server\app\find-care\second-opinion.html","https://mountainspineorthopedics.com/find-care/second-opinion","https://mountainspineorthopedics.com/find-care/second-opinion","","","Get a Second Opinion From Spine Experts | Mountain Spine & Orthopedics","ok",""
".next\server\app\find-care\free-mri-review.html","https://mountainspineorthopedics.com/find-care/free-mri-review","https://mountainspineorthopedics.com/find-care/free-mri-review","","index, follow","Free MRI Review | Mountain Spine & Orthopedics","ok",""
".next\server\app\find-care\find-a-doctor.html","https://mountainspineorthopedics.com/find-care/find-a-doctor","https://mountainspineorthopedics.com/find-care/find-a-doctor","","","Find a Doctor Near You | Mountain Spine","ok",""
".next\server\app\find-care\candidacy-check.html","https://mountainspineorthopedics.com/find-care/candidacy-check","https://mountainspineorthopedics.com/find-care/candidacy-check","","","Free Spine Surgery Candidacy Check | Mountain Spine & Orthopedics","ok",""
".next\server\app\find-care\book-an-appointment.html","https://mountainspineorthopedics.com/find-care/book-an-appointment","https://mountainspineorthopedics.com/find-care/book-an-appointment","","","Book Your Appointment | Mountain Spine & Orthopedics","ok",""
".next\server\app\about\meetourdoctors.html","https://mountainspineorthopedics.com/about/meetourdoctors","","","","Meet Our Doctors | Orthopedic & Spine Specialists in Florida | Mountain Spine & Orthopedics","ok",""
".next\server\app\about\FAQs.html","https://mountainspineorthopedics.com/about/faqs","https://mountainspineorthopedics.com/about/faqs","","","Spine Surgery FAQs | Mountain Spine & Orthopedics Florida","ok",""
".next\server\app\area-of-specialty\trochanteric-bursitis.html","https://mountainspineorthopedics.com/area-of-specialty/trochanteric-bursitis","https://mountainspineorthopedics.com/area-of-specialty/trochanteric-bursitis","","index, follow","Trochanteric Bursitis | Mountain Spine & Orthopedics – Florida’s Trusted Spine and Joint Pain Specialists","ok",""
".next\server\app\area-of-specialty\torn-meniscus.html","https://mountainspineorthopedics.com/area-of-specialty/torn-meniscus","https://mountainspineorthopedics.com/area-of-specialty/torn-meniscus","","index, follow","Torn Meniscus | Mountain Spine & Orthopedics – Florida’s Trusted Spine and Joint Pain Specialists","ok",""
".next\server\app\area-of-specialty\tingling-or-numbness-in-extremities.html","https://mountainspineorthopedics.com/area-of-specialty/tingling-or-numbness-in-extremities","https://mountainspineorthopedics.com/area-of-specialty/tingling-or-numbness-in-extremities","","index, follow","Tingling or Numbness in Extremities | Mountain Spine & Orthopedics – Florida’s Trusted Spine and Joint Pain Specialists","ok",""
".next\server\app\area-of-specialty\tennis-elbow.html","https://mountainspineorthopedics.com/area-of-specialty/tennis-elbow","https://mountainspineorthopedics.com/area-of-specialty/tennis-elbow","","index, follow","Tennis Elbow | Mountain Spine & Orthopedics – Florida’s Trusted Spine and Joint Pain Specialists","ok",""
".next\server\app\area-of-specialty\synovitis.html","https://mountainspineorthopedics.com/area-of-specialty/synovitis","https://mountainspineorthopedics.com/area-of-specialty/synovitis","","index, follow","Synovitis | Mountain Spine & Orthopedics – Florida’s Trusted Spine and Joint Pain Specialists","ok",""
".next\server\app\area-of-specialty\spondylolisthesis.html","https://mountainspineorthopedics.com/area-of-specialty/spondylolisthesis","https://mountainspineorthopedics.com/area-of-specialty/spondylolisthesis","","index, follow","Spondylolisthesis | Mountain Spine & Orthopedics – Florida's Trusted Spine and Joint Pain Specialists","ok",""
".next\server\app\area-of-specialty\spine-deformities.html","https://mountainspineorthopedics.com/area-of-specialty/spine-deformities","https://mountainspineorthopedics.com/area-of-specialty/spine-deformities","","index, follow","Spine Deformities | Mountain Spine & Orthopedics – Florida’s Trusted Spine and Joint Pain Specialists","ok",""
".next\server\app\area-of-specialty\spinal-stenosis.html","https://mountainspineorthopedics.com/area-of-specialty/spinal-stenosis","https://mountainspineorthopedics.com/area-of-specialty/spinal-stenosis","","index, follow","Spinal Stenosis | Mountain Spine & Orthopedics – Florida’s Trusted Spine and Joint Pain Specialists","ok",""
".next\server\app\area-of-specialty\spinal-compression-fractures.html","https://mountainspineorthopedics.com/area-of-specialty/spinal-compression-fractures","https://mountainspineorthopedics.com/area-of-specialty/spinal-compression-fractures","","index, follow","Spinal Compression Fractures | Mountain Spine & Orthopedics – Florida’s Trusted Spine and Joint Pain Specialists","ok",""
".next\server\app\area-of-specialty\spinal-bone-spurs.html","https://mountainspineorthopedics.com/area-of-specialty/spinal-bone-spurs","https://mountainspineorthopedics.com/area-of-specialty/spinal-bone-spurs","","index, follow","Spinal Bone Spurs | Mountain Spine & Orthopedics – Florida’s Trusted Spine and Joint Pain Specialists","ok",""
".next\server\app\area-of-specialty\snapping-hip-syndrome.html","https://mountainspineorthopedics.com/area-of-specialty/snapping-hip-syndrome","https://mountainspineorthopedics.com/area-of-specialty/snapping-hip-syndrome","","index, follow","Snapping Hip Syndrome | Mountain Spine & Orthopedics – Florida’s Trusted Spine and Joint Pain Specialists","ok",""
".next\server\app\area-of-specialty\shoulder-tendonitis.html","https://mountainspineorthopedics.com/area-of-specialty/shoulder-tendonitis","https://mountainspineorthopedics.com/area-of-specialty/shoulder-tendonitis","","index, follow","Shoulder Tendonitis | Mountain Spine & Orthopedics – Florida’s Trusted Spine and Joint Pain Specialists","ok",""
".next\server\app\area-of-specialty\shoulder-arthritis.html","https://mountainspineorthopedics.com/area-of-specialty/shoulder-arthritis","https://mountainspineorthopedics.com/area-of-specialty/shoulder-arthritis","","index, follow","Shoulder Arthritis | Mountain Spine & Orthopedics – Florida’s Trusted Spine and Joint Pain Specialists","ok",""
".next\server\app\area-of-specialty\sciatica.html","https://mountainspineorthopedics.com/area-of-specialty/sciatica","https://mountainspineorthopedics.com/area-of-specialty/sciatica","","index, follow","Sciatica | Mountain Spine & Orthopedics – Florida’s Trusted Spine and Joint Pain Specialists","ok",""
".next\server\app\area-of-specialty\sacroiliac-joint-dysfunction.html","https://mountainspineorthopedics.com/area-of-specialty/sacroiliac-joint-dysfunction","https://mountainspineorthopedics.com/area-of-specialty/sacroiliac-joint-dysfunction","","index, follow","Sacroiliac Joint Dysfunction | Mountain Spine & Orthopedics – Florida’s Trusted Spine and Joint Pain Specialists","ok",""
".next\server\app\area-of-specialty\rotator-cuff-tear.html","https://mountainspineorthopedics.com/area-of-specialty/rotator-cuff-tear","https://mountainspineorthopedics.com/area-of-specialty/rotator-cuff-tear","","index, follow","Rotator Cuff Tear | Mountain Spine & Orthopedics – Florida’s Trusted Spine and Joint Pain Specialists","ok",""
".next\server\app\area-of-specialty\rheumatoid-arthritis.html","https://mountainspineorthopedics.com/area-of-specialty/rheumatoid-arthritis","https://mountainspineorthopedics.com/area-of-specialty/rheumatoid-arthritis","","index, follow","Rheumatoid Arthritis | Mountain Spine & Orthopedics – Florida’s Trusted Spine and Joint Pain Specialists","ok",""
".next\server\app\area-of-specialty\pseudarthrosis-revision-surgery.html","https://mountainspineorthopedics.com/area-of-specialty/pseudarthrosis-revision-surgery","https://mountainspineorthopedics.com/area-of-specialty/pseudarthrosis-revision-surgery","","index, follow","Pseudarthrosis | Mountain Spine & Orthopedics – Florida’s Trusted Spine and Joint Pain Specialists","ok",""
".next\server\app\area-of-specialty\plantar-fasciitis.html","https://mountainspineorthopedics.com/area-of-specialty/plantar-fasciitis","https://mountainspineorthopedics.com/area-of-specialty/plantar-fasciitis","","index, follow","Plantar Fasciitis | Mountain Spine & Orthopedics – Florida’s Trusted Spine and Joint Pain Specialists","ok",""
".next\server\app\area-of-specialty\pinched-nerve.html","https://mountainspineorthopedics.com/area-of-specialty/pinched-nerve","https://mountainspineorthopedics.com/area-of-specialty/pinched-nerve","","index, follow","Pinched Nerve | Mountain Spine & Orthopedics – Florida’s Trusted Spine and Joint Pain Specialists","ok",""
".next\server\app\area-of-specialty\osteoarthritis.html","https://mountainspineorthopedics.com/area-of-specialty/osteoarthritis","https://mountainspineorthopedics.com/area-of-specialty/osteoarthritis","","index, follow","Osteoarthritis | Mountain Spine & Orthopedics – Florida’s Trusted Spine and Joint Pain Specialists","ok",""
".next\server\app\area-of-specialty\neck-pain.html","https://mountainspineorthopedics.com/area-of-specialty/neck-pain","https://mountainspineorthopedics.com/area-of-specialty/neck-pain","","index, follow","Neck Pain | Mountain Spine & Orthopedics – Florida’s Trusted Spine and Joint Pain Specialists","ok",""
".next\server\app\area-of-specialty\lumbar-herniated-disc.html","https://mountainspineorthopedics.com/area-of-specialty/lumbar-herniated-disc","https://mountainspineorthopedics.com/area-of-specialty/lumbar-herniated-disc","","index, follow","Lumbar Herniated Disc | Mountain Spine & Orthopedics – Florida's Trusted Spine and Joint Pain Specialists","ok",""
".next\server\app\area-of-specialty\lower-back-pain.html","https://mountainspineorthopedics.com/area-of-specialty/lower-back-pain","https://mountainspineorthopedics.com/area-of-specialty/lower-back-pain","","index, follow","Lower Back Pain | Mountain Spine & Orthopedics – Florida’s Trusted Spine and Joint Pain Specialists","ok",""
".next\server\app\area-of-specialty\loose-bodies.html","https://mountainspineorthopedics.com/area-of-specialty/loose-bodies","https://mountainspineorthopedics.com/area-of-specialty/loose-bodies","","index, follow","Loose Bodies | Mountain Spine & Orthopedics – Florida’s Trusted Spine and Joint Pain Specialists","ok",""
".next\server\app\area-of-specialty\labral-tears.html","https://mountainspineorthopedics.com/area-of-specialty/labral-tears","https://mountainspineorthopedics.com/area-of-specialty/labral-tears","","index, follow","Labral Tears | Mountain Spine & Orthopedics – Florida’s Trusted Spine and Joint Pain Specialists","ok",""
".next\server\app\area-of-specialty\kyphosis.html","https://mountainspineorthopedics.com/area-of-specialty/kyphosis","https://mountainspineorthopedics.com/area-of-specialty/kyphosis","","index, follow","Kyphosis | Mountain Spine & Orthopedics – Florida’s Trusted Spine and Joint Pain Specialists","ok",""
".next\server\app\area-of-specialty\hip-impingement.html","https://mountainspineorthopedics.com/area-of-specialty/hip-impingement","https://mountainspineorthopedics.com/area-of-specialty/hip-impingement","","index, follow","Hip Impingement (FAI) | Mountain Spine & Orthopedics – Florida’s Trusted Spine and Joint Pain Specialists","ok",""
".next\server\app\area-of-specialty\hip-dysplasia.html","https://mountainspineorthopedics.com/area-of-specialty/hip-dysplasia","https://mountainspineorthopedics.com/area-of-specialty/hip-dysplasia","","index, follow","Hip Dysplasia | Mountain Spine & Orthopedics – Florida’s Trusted Spine and Joint Pain Specialists","ok",""
".next\server\app\area-of-specialty\herniated-disc.html","https://mountainspineorthopedics.com/area-of-specialty/herniated-disc","https://mountainspineorthopedics.com/area-of-specialty/herniated-disc","","index, follow","Herniated Disc | Mountain Spine & Orthopedics – Florida’s Trusted Spine and Joint Pain Specialists","ok",""
".next\server\app\area-of-specialty\hammer-toes.html","https://mountainspineorthopedics.com/area-of-specialty/hammer-toes","https://mountainspineorthopedics.com/area-of-specialty/hammer-toes","","index, follow","Hammertoes | Mountain Spine & Orthopedics – Florida’s Trusted Spine and Joint Pain Specialists","ok",""
".next\server\app\area-of-specialty\foraminal-stenosis.html","https://mountainspineorthopedics.com/area-of-specialty/foraminal-stenosis","https://mountainspineorthopedics.com/area-of-specialty/foraminal-stenosis","","index, follow","Foraminal Stenosis | Mountain Spine & Orthopedics – Florida’s Trusted Spine and Joint Pain Specialists","ok",""
".next\server\app\area-of-specialty\flat-feet.html","https://mountainspineorthopedics.com/area-of-specialty/flat-feet","https://mountainspineorthopedics.com/area-of-specialty/flat-feet","","index, follow","Flat Feet | Mountain Spine & Orthopedics – Florida’s Trusted Spine and Joint Pain Specialists","ok",""
".next\server\app\area-of-specialty\failed-back-surgery-syndrome.html","https://mountainspineorthopedics.com/area-of-specialty/failed-back-surgery-syndrome","https://mountainspineorthopedics.com/area-of-specialty/failed-back-surgery-syndrome","","index, follow","Failed Back or Failed Neck Surgery Syndrome | Mountain Spine & Orthopedics – Florida’s Trusted Spine and Joint Pain Specialists","ok",""
".next\server\app\area-of-specialty\facet-joint-disease.html","https://mountainspineorthopedics.com/area-of-specialty/facet-joint-disease","https://mountainspineorthopedics.com/area-of-specialty/facet-joint-disease","","index, follow","Facet Joint Disease | Mountain Spine & Orthopedics – Florida’s Trusted Spine and Joint Pain Specialists","ok",""
".next\server\app\area-of-specialty\disc-tear.html","https://mountainspineorthopedics.com/area-of-specialty/disc-tear","https://mountainspineorthopedics.com/area-of-specialty/disc-tear","","index, follow","Disc Tear | Mountain Spine & Orthopedics – Florida’s Trusted Spine and Joint Pain Specialists","ok",""
".next\server\app\area-of-specialty\diabetic-foot-ulcers.html","https://mountainspineorthopedics.com/area-of-specialty/diabetic-foot-ulcers","https://mountainspineorthopedics.com/area-of-specialty/diabetic-foot-ulcers","","index, follow","Diabetic Foot Ulcers | Mountain Spine & Orthopedics – Florida’s Trusted Spine and Joint Pain Specialists","ok",""
".next\server\app\area-of-specialty\degenerative-disc-disease.html","https://mountainspineorthopedics.com/area-of-specialty/degenerative-disc-disease","https://mountainspineorthopedics.com/area-of-specialty/degenerative-disc-disease","","index, follow","Degenerative Disc Disease | Mountain Spine & Orthopedics – Florida's Trusted Spine and Joint Pain Specialists","ok",""
".next\server\app\area-of-specialty\degenerative-disc-disease-surgery.html","https://mountainspineorthopedics.com/area-of-specialty/degenerative-disc-disease-surgery","https://mountainspineorthopedics.com/area-of-specialty/degenerative-disc-disease-surgery","","index, follow","Degenerative Disc Disease Surgery | Mountain Spine & Orthopedics – Florida’s Trusted Spine and Joint Pain Specialists","ok",""
".next\server\app\area-of-specialty\coccydynia.html","https://mountainspineorthopedics.com/area-of-specialty/coccydynia","https://mountainspineorthopedics.com/area-of-specialty/coccydynia","","index, follow","Coccydynia | Mountain Spine & Orthopedics – Florida’s Trusted Spine and Joint Pain Specialists","ok",""
".next\server\app\area-of-specialty\cervical-spinal-stenosis.html","https://mountainspineorthopedics.com/area-of-specialty/cervical-spinal-stenosis","https://mountainspineorthopedics.com/area-of-specialty/cervical-spinal-stenosis","","index, follow","Cervical Spinal Stenosis | Mountain Spine & Orthopedics – Florida's Trusted Spine and Joint Pain Specialists","ok",""
".next\server\app\area-of-specialty\cervical-herniated-disc.html","https://mountainspineorthopedics.com/area-of-specialty/cervical-herniated-disc","https://mountainspineorthopedics.com/area-of-specialty/cervical-herniated-disc","","index, follow","Cervical Herniated Disc | Mountain Spine & Orthopedics – Florida’s Trusted Spine and Joint Pain Specialists","ok",""
".next\server\app\area-of-specialty\cervical-deformities.html","https://mountainspineorthopedics.com/area-of-specialty/cervical-deformities","https://mountainspineorthopedics.com/area-of-specialty/cervical-deformities","","index, follow","Cervical Deformities | Mountain Spine & Orthopedics – Florida’s Trusted Spine and Joint Pain Specialists","ok",""
".next\server\app\area-of-specialty\carpal-tunnel-syndrome.html","https://mountainspineorthopedics.com/area-of-specialty/carpal-tunnel-syndrome","https://mountainspineorthopedics.com/area-of-specialty/carpal-tunnel-syndrome","","index, follow","Carpal Tunnel Syndrome | Mountain Spine & Orthopedics – Florida’s Trusted Spine and Joint Pain Specialists","ok",""
".next\server\app\area-of-specialty\bursitis.html","https://mountainspineorthopedics.com/area-of-specialty/bursitis","https://mountainspineorthopedics.com/area-of-specialty/bursitis","","index, follow","Bursitis | Mountain Spine & Orthopedics – Florida’s Trusted Spine and Joint Pain Specialists","ok",""
".next\server\app\area-of-specialty\bunions-hallux-valgus.html","https://mountainspineorthopedics.com/area-of-specialty/bunions-hallux-valgus","https://mountainspineorthopedics.com/area-of-specialty/bunions-hallux-valgus","","index, follow","Bunions (Hallux Valgus) | Mountain Spine & Orthopedics – Florida’s Trusted Spine and Joint Pain Specialists","ok",""
".next\server\app\area-of-specialty\bulging-disc.html","https://mountainspineorthopedics.com/area-of-specialty/bulging-disc","https://mountainspineorthopedics.com/area-of-specialty/bulging-disc","","index, follow","Bulging Disc | Mountain Spine & Orthopedics – Florida’s Trusted Spine and Joint Pain Specialists","ok",""
".next\server\app\area-of-specialty\back-pain.html","https://mountainspineorthopedics.com/area-of-specialty/back-pain","https://mountainspineorthopedics.com/area-of-specialty/back-pain","","index, follow","Back Pain | Mountain Spine & Orthopedics – Florida’s Trusted Spine and Joint Pain Specialists","ok",""
".next\server\app\area-of-specialty\arthritis.html","https://mountainspineorthopedics.com/area-of-specialty/arthritis","https://mountainspineorthopedics.com/area-of-specialty/arthritis","","index, follow","Arthritis | Mountain Spine & Orthopedics – Florida’s Trusted Spine and Joint Pain Specialists","ok",""
".next\server\app\area-of-specialty\ankle-replacement.html","https://mountainspineorthopedics.com/area-of-specialty/ankle-replacement","https://mountainspineorthopedics.com/area-of-specialty/ankle-replacement","","index, follow","Ankle Replacement | Mountain Spine & Orthopedics – Florida’s Trusted Spine and Joint Pain Specialists","ok",""
".next\server\app\area-of-specialty\ankle-arthroscopy.html","https://mountainspineorthopedics.com/area-of-specialty/ankle-arthroscopy","https://mountainspineorthopedics.com/area-of-specialty/ankle-arthroscopy","","index, follow","Ankle Arthroscopy | Mountain Spine & Orthopedics – Florida’s Trusted Spine and Joint Pain Specialists","ok",""
".next\server\app\area-of-specialty\aging-management.html","https://mountainspineorthopedics.com/area-of-specialty/aging-management","https://mountainspineorthopedics.com/area-of-specialty/aging-management","","index, follow","Aging Management | Mountain Spine & Orthopedics – Florida’s Trusted Spine and Joint Pain Specialists","ok",""
".next\server\app\area-of-specialty\adult-degenerative-scoliosis.html","https://mountainspineorthopedics.com/area-of-specialty/adult-degenerative-scoliosis","https://mountainspineorthopedics.com/area-of-specialty/adult-degenerative-scoliosis","","index, follow","Adult Degenerative Scoliosis | Mountain Spine & Orthopedics – Florida's Trusted Spine and Joint Pain Specialists","ok",""
".next\server\app\area-of-specialty\adjacent-segment-disease.html","https://mountainspineorthopedics.com/area-of-specialty/adjacent-segment-disease","https://mountainspineorthopedics.com/area-of-specialty/adjacent-segment-disease","","index, follow","Adjacent Segment Disease | Mountain Spine & Orthopedics – Florida's Trusted Spine and Joint Pain Specialists","ok",""
".next\server\app\area-of-specialty\acl-injury.html","https://mountainspineorthopedics.com/area-of-specialty/acl-injury","https://mountainspineorthopedics.com/area-of-specialty/acl-injury","","index, follow","ACL Injury | Mountain Spine & Orthopedics – Florida’s Trusted Spine and Joint Pain Specialists","ok",""
".next\server\app\area-of-specialty\achilles-tendonitis.html","https://mountainspineorthopedics.com/area-of-specialty/achilles-tendonitis","https://mountainspineorthopedics.com/area-of-specialty/achilles-tendonitis","","index, follow","Achilles Tendonitis | Mountain Spine & Orthopedics – Florida’s Trusted Spine and Joint Pain Specialists","ok",""
".next\server\app\about\meetourdoctors\dr-scott-katzman.html","https://mountainspineorthopedics.com/about/meetourdoctors/dr-scott-katzman","https://mountainspineorthopedics.com/about/meetourdoctors/dr-scott-katzman","","","Dr Scott Katzman | Spine & Orthopedic Surgeon in Florida | Mountain Spine & Orthopedics","ok",""
".next\server\app\about\meetourdoctors\dr-monica-mcphail-pruitt.html","https://mountainspineorthopedics.com/about/meetourdoctors/dr-monica-mcphail-pruitt","https://mountainspineorthopedics.com/about/meetourdoctors/dr-monica-mcphail-pruitt","","","Dr Monica Mcphail Pruitt | Spine & Orthopedic Surgeon in Florida | Mountain Spine & Orthopedics","ok",""
".next\server\app\about\meetourdoctors\dr-douglas-slaughter.html","https://mountainspineorthopedics.com/about/meetourdoctors/dr-douglas-slaughter","https://mountainspineorthopedics.com/about/meetourdoctors/dr-douglas-slaughter","","","Dr Douglas Slaughter | Spine & Orthopedic Surgeon in Florida | Mountain Spine & Orthopedics","ok",""
".next\server\app\about\meetourdoctors\dr-david-cowin.html","https://mountainspineorthopedics.com/about/meetourdoctors/dr-david-cowin","https://mountainspineorthopedics.com/about/meetourdoctors/dr-david-cowin","","","Dr David Cowin | Spine & Orthopedic Surgeon in Florida | Mountain Spine & Orthopedics","ok",""
".next\server\app\about\meetourdoctors\dr-christopher-mccarthy.html","https://mountainspineorthopedics.com/about/meetourdoctors/dr-christopher-mccarthy","https://mountainspineorthopedics.com/about/meetourdoctors/dr-christopher-mccarthy","","","Dr Christopher Mccarthy | Spine & Orthopedic Surgeon in Florida | Mountain Spine & Orthopedics","ok",""